{
  "name": "aarambh-backend",
  "version": "1.0.0",
  "description": "Backend API for Aarambh LMS - Email OTP Service",
  "main": "server.js",
  "scripts": {
    "start": "node server.js",
    "dev": "nodemon server.js"
  },
  "keywords": [
    "email",
    "otp",
    "authentication",
    "nodemailer"
  ],
  "author": "Aarambh Team",
  "license": "MIT",
  "dependencies": {
    "@google/generative-ai": "^0.24.1",
    "bcryptjs": "^2.4.3",
    "cors": "^2.8.5",
    "dotenv": "^16.3.1",
    "express": "^4.18.2",
    "express-rate-limit": "^7.1.5",
    "jsonwebtoken": "^9.0.2",
    "mongoose": "^8.0.3",
    "multer": "^2.0.2",
    "node-fetch": "^3.3.2",
    "nodemailer": "^6.9.8",
    "pdf-parse": "^1.1.1",
    "react-pdf": "^10.2.0",
    "socket.io": "^4.8.1"
  }
}